0,1
2017001,2017-01-01
2017002,2017-01-03
2017003,2017-01-05
2017004,2017-01-08
2017005,2017-01-10
2017006,2017-01-12
2017007,2017-01-15
2017008,2017-01-17
2017009,2017-01-19
2017010,2017-01-22
2017011,2017-01-24
2017012,2017-01-26
2017013,2017-02-05
2017014,2017-02-07
2017015,2017-02-09
2017016,2017-02-12
2017017,2017-02-14
2017018,2017-02-16
2017019,2017-02-19
2017020,2017-02-21
2017021,2017-02-23
2017022,2017-02-26
2017023,2017-02-28
2017024,2017-03-02
2017025,2017-03-05
2017026,2017-03-07
2017027,2017-03-09
2017028,2017-03-12
2017029,2017-03-14
2017030,2017-03-16
2017031,2017-03-19
2017032,2017-03-21
2017033,2017-03-23
2017034,2017-03-26
2017035,2017-03-28
2017036,2017-03-30
2017037,2017-04-02
2017038,2017-04-04
2017039,2017-04-06
2017040,2017-04-09
2017041,2017-04-11
2017042,2017-04-13
2017043,2017-04-16
2017044,2017-04-18
2017045,2017-04-20
2017046,2017-04-23
2017047,2017-04-25
2017048,2017-04-27
2017049,2017-04-30
2017050,2017-05-02
2017051,2017-05-04
2017052,2017-05-07
2017053,2017-05-09
2017054,2017-05-11
2017055,2017-05-14
2017056,2017-05-16
